Zip Code,State Code,State Name,State Region,State Division
995,AK,Alaska,West,Pacific
996,AK,Alaska,West,Pacific
997,AK,Alaska,West,Pacific
998,AK,Alaska,West,Pacific
999,AK,Alaska,West,Pacific
350,AL,Alabama,South,East South Central
351,AL,Alabama,South,East South Central
352,AL,Alabama,South,East South Central
354,AL,Alabama,South,East South Central
355,AL,Alabama,South,East South Central
356,AL,Alabama,South,East South Central
357,AL,Alabama,South,East South Central
358,AL,Alabama,South,East South Central
359,AL,Alabama,South,East South Central
360,AL,Alabama,South,East South Central
361,AL,Alabama,South,East South Central
362,AL,Alabama,South,East South Central
363,AL,Alabama,South,East South Central
364,AL,Alabama,South,East South Central
365,AL,Alabama,South,East South Central
366,AL,Alabama,South,East South Central
367,AL,Alabama,South,East South Central
368,AL,Alabama,South,East South Central
369,AL,Alabama,South,East South Central
716,AR,Arkansas,South,West South Central
717,AR,Arkansas,South,West South Central
718,AR,Arkansas,South,West South Central
719,AR,Arkansas,South,West South Central
720,AR,Arkansas,South,West South Central
721,AR,Arkansas,South,West South Central
722,AR,Arkansas,South,West South Central
723,AR,Arkansas,South,West South Central
724,AR,Arkansas,South,West South Central
725,AR,Arkansas,South,West South Central
726,AR,Arkansas,South,West South Central
727,AR,Arkansas,South,West South Central
728,AR,Arkansas,South,West South Central
729,AR,Arkansas,South,West South Central
850,AZ,Arizona,West,Mountain
851,AZ,Arizona,West,Mountain
852,AZ,Arizona,West,Mountain
853,AZ,Arizona,West,Mountain
855,AZ,Arizona,West,Mountain
856,AZ,Arizona,West,Mountain
857,AZ,Arizona,West,Mountain
859,AZ,Arizona,West,Mountain
860,AZ,Arizona,West,Mountain
863,AZ,Arizona,West,Mountain
864,AZ,Arizona,West,Mountain
865,AZ,Arizona,West,Mountain
900,CA,California,West,Pacific
901,CA,California,West,Pacific
902,CA,California,West,Pacific
903,CA,California,West,Pacific
904,CA,California,West,Pacific
905,CA,California,West,Pacific
906,CA,California,West,Pacific
907,CA,California,West,Pacific
908,CA,California,West,Pacific
910,CA,California,West,Pacific
911,CA,California,West,Pacific
912,CA,California,West,Pacific
913,CA,California,West,Pacific
914,CA,California,West,Pacific
915,CA,California,West,Pacific
916,CA,California,West,Pacific
917,CA,California,West,Pacific
918,CA,California,West,Pacific
919,CA,California,West,Pacific
920,CA,California,West,Pacific
921,CA,California,West,Pacific
922,CA,California,West,Pacific
923,CA,California,West,Pacific
924,CA,California,West,Pacific
925,CA,California,West,Pacific
926,CA,California,West,Pacific
927,CA,California,West,Pacific
928,CA,California,West,Pacific
930,CA,California,West,Pacific
931,CA,California,West,Pacific
932,CA,California,West,Pacific
933,CA,California,West,Pacific
934,CA,California,West,Pacific
935,CA,California,West,Pacific
936,CA,California,West,Pacific
937,CA,California,West,Pacific
938,CA,California,West,Pacific
939,CA,California,West,Pacific
940,CA,California,West,Pacific
941,CA,California,West,Pacific
942,CA,California,West,Pacific
943,CA,California,West,Pacific
944,CA,California,West,Pacific
945,CA,California,West,Pacific
946,CA,California,West,Pacific
947,CA,California,West,Pacific
948,CA,California,West,Pacific
949,CA,California,West,Pacific
950,CA,California,West,Pacific
951,CA,California,West,Pacific
952,CA,California,West,Pacific
953,CA,California,West,Pacific
954,CA,California,West,Pacific
955,CA,California,West,Pacific
956,CA,California,West,Pacific
957,CA,California,West,Pacific
958,CA,California,West,Pacific
959,CA,California,West,Pacific
960,CA,California,West,Pacific
961,CA,California,West,Pacific
800,CO,Colorado,West,Mountain
801,CO,Colorado,West,Mountain
802,CO,Colorado,West,Mountain
803,CO,Colorado,West,Mountain
804,CO,Colorado,West,Mountain
805,CO,Colorado,West,Mountain
806,CO,Colorado,West,Mountain
807,CO,Colorado,West,Mountain
808,CO,Colorado,West,Mountain
809,CO,Colorado,West,Mountain
810,CO,Colorado,West,Mountain
811,CO,Colorado,West,Mountain
812,CO,Colorado,West,Mountain
813,CO,Colorado,West,Mountain
814,CO,Colorado,West,Mountain
815,CO,Colorado,West,Mountain
816,CO,Colorado,West,Mountain
60,CT,Connecticut,Northeast,New England
61,CT,Connecticut,Northeast,New England
62,CT,Connecticut,Northeast,New England
63,CT,Connecticut,Northeast,New England
64,CT,Connecticut,Northeast,New England
65,CT,Connecticut,Northeast,New England
66,CT,Connecticut,Northeast,New England
67,CT,Connecticut,Northeast,New England
68,CT,Connecticut,Northeast,New England
69,CT,Connecticut,Northeast,New England
200,DC,District of Columbia,South,South Atlantic
202,DC,District of Columbia,South,South Atlantic
203,DC,District of Columbia,South,South Atlantic
204,DC,District of Columbia,South,South Atlantic
205,DC,District of Columbia,South,South Atlantic
569,DC,District of Columbia,South,South Atlantic
197,DE,Delaware,South,South Atlantic
198,DE,Delaware,South,South Atlantic
199,DE,Delaware,South,South Atlantic
320,FL,Florida,South,South Atlantic
321,FL,Florida,South,South Atlantic
322,FL,Florida,South,South Atlantic
323,FL,Florida,South,South Atlantic
324,FL,Florida,South,South Atlantic
325,FL,Florida,South,South Atlantic
326,FL,Florida,South,South Atlantic
327,FL,Florida,South,South Atlantic
328,FL,Florida,South,South Atlantic
329,FL,Florida,South,South Atlantic
330,FL,Florida,South,South Atlantic
331,FL,Florida,South,South Atlantic
332,FL,Florida,South,South Atlantic
333,FL,Florida,South,South Atlantic
334,FL,Florida,South,South Atlantic
335,FL,Florida,South,South Atlantic
336,FL,Florida,South,South Atlantic
337,FL,Florida,South,South Atlantic
338,FL,Florida,South,South Atlantic
339,FL,Florida,South,South Atlantic
341,FL,Florida,South,South Atlantic
342,FL,Florida,South,South Atlantic
344,FL,Florida,South,South Atlantic
346,FL,Florida,South,South Atlantic
347,FL,Florida,South,South Atlantic
349,FL,Florida,South,South Atlantic
300,GA,Georgia,South,South Atlantic
301,GA,Georgia,South,South Atlantic
302,GA,Georgia,South,South Atlantic
303,GA,Georgia,South,South Atlantic
304,GA,Georgia,South,South Atlantic
305,GA,Georgia,South,South Atlantic
306,GA,Georgia,South,South Atlantic
307,GA,Georgia,South,South Atlantic
308,GA,Georgia,South,South Atlantic
309,GA,Georgia,South,South Atlantic
310,GA,Georgia,South,South Atlantic
311,GA,Georgia,South,South Atlantic
312,GA,Georgia,South,South Atlantic
313,GA,Georgia,South,South Atlantic
314,GA,Georgia,South,South Atlantic
315,GA,Georgia,South,South Atlantic
316,GA,Georgia,South,South Atlantic
317,GA,Georgia,South,South Atlantic
318,GA,Georgia,South,South Atlantic
319,GA,Georgia,South,South Atlantic
398,GA,Georgia,South,South Atlantic
399,GA,Georgia,South,South Atlantic
969,GU,Guam,,
967,HI,Hawaii,West,Pacific
968,HI,Hawaii,West,Pacific
500,IA,Iowa,Midwest,West North Central
501,IA,Iowa,Midwest,West North Central
502,IA,Iowa,Midwest,West North Central
503,IA,Iowa,Midwest,West North Central
504,IA,Iowa,Midwest,West North Central
505,IA,Iowa,Midwest,West North Central
506,IA,Iowa,Midwest,West North Central
507,IA,Iowa,Midwest,West North Central
508,IA,Iowa,Midwest,West North Central
509,IA,Iowa,Midwest,West North Central
510,IA,Iowa,Midwest,West North Central
511,IA,Iowa,Midwest,West North Central
512,IA,Iowa,Midwest,West North Central
513,IA,Iowa,Midwest,West North Central
514,IA,Iowa,Midwest,West North Central
515,IA,Iowa,Midwest,West North Central
516,IA,Iowa,Midwest,West North Central
520,IA,Iowa,Midwest,West North Central
521,IA,Iowa,Midwest,West North Central
522,IA,Iowa,Midwest,West North Central
523,IA,Iowa,Midwest,West North Central
524,IA,Iowa,Midwest,West North Central
525,IA,Iowa,Midwest,West North Central
526,IA,Iowa,Midwest,West North Central
527,IA,Iowa,Midwest,West North Central
528,IA,Iowa,Midwest,West North Central
832,ID,Idaho,West,Mountain
833,ID,Idaho,West,Mountain
834,ID,Idaho,West,Mountain
835,ID,Idaho,West,Mountain
836,ID,Idaho,West,Mountain
837,ID,Idaho,West,Mountain
838,ID,Idaho,West,Mountain
600,IL,Illinois,Midwest,East North Central
601,IL,Illinois,Midwest,East North Central
602,IL,Illinois,Midwest,East North Central
603,IL,Illinois,Midwest,East North Central
604,IL,Illinois,Midwest,East North Central
605,IL,Illinois,Midwest,East North Central
606,IL,Illinois,Midwest,East North Central
607,IL,Illinois,Midwest,East North Central
608,IL,Illinois,Midwest,East North Central
609,IL,Illinois,Midwest,East North Central
610,IL,Illinois,Midwest,East North Central
611,IL,Illinois,Midwest,East North Central
612,IL,Illinois,Midwest,East North Central
613,IL,Illinois,Midwest,East North Central
614,IL,Illinois,Midwest,East North Central
615,IL,Illinois,Midwest,East North Central
616,IL,Illinois,Midwest,East North Central
617,IL,Illinois,Midwest,East North Central
618,IL,Illinois,Midwest,East North Central
619,IL,Illinois,Midwest,East North Central
620,IL,Illinois,Midwest,East North Central
622,IL,Illinois,Midwest,East North Central
623,IL,Illinois,Midwest,East North Central
624,IL,Illinois,Midwest,East North Central
625,IL,Illinois,Midwest,East North Central
626,IL,Illinois,Midwest,East North Central
627,IL,Illinois,Midwest,East North Central
628,IL,Illinois,Midwest,East North Central
629,IL,Illinois,Midwest,East North Central
460,IN,Indiana,Midwest,East North Central
461,IN,Indiana,Midwest,East North Central
462,IN,Indiana,Midwest,East North Central
463,IN,Indiana,Midwest,East North Central
464,IN,Indiana,Midwest,East North Central
465,IN,Indiana,Midwest,East North Central
466,IN,Indiana,Midwest,East North Central
467,IN,Indiana,Midwest,East North Central
468,IN,Indiana,Midwest,East North Central
469,IN,Indiana,Midwest,East North Central
470,IN,Indiana,Midwest,East North Central
471,IN,Indiana,Midwest,East North Central
472,IN,Indiana,Midwest,East North Central
473,IN,Indiana,Midwest,East North Central
474,IN,Indiana,Midwest,East North Central
475,IN,Indiana,Midwest,East North Central
476,IN,Indiana,Midwest,East North Central
477,IN,Indiana,Midwest,East North Central
478,IN,Indiana,Midwest,East North Central
479,IN,Indiana,Midwest,East North Central
660,KS,Kansas,Midwest,West North Central
661,KS,Kansas,Midwest,West North Central
662,KS,Kansas,Midwest,West North Central
664,KS,Kansas,Midwest,West North Central
665,KS,Kansas,Midwest,West North Central
666,KS,Kansas,Midwest,West North Central
667,KS,Kansas,Midwest,West North Central
668,KS,Kansas,Midwest,West North Central
669,KS,Kansas,Midwest,West North Central
670,KS,Kansas,Midwest,West North Central
671,KS,Kansas,Midwest,West North Central
672,KS,Kansas,Midwest,West North Central
673,KS,Kansas,Midwest,West North Central
674,KS,Kansas,Midwest,West North Central
675,KS,Kansas,Midwest,West North Central
676,KS,Kansas,Midwest,West North Central
677,KS,Kansas,Midwest,West North Central
678,KS,Kansas,Midwest,West North Central
679,KS,Kansas,Midwest,West North Central
400,KY,Kentucky,South,East South Central
401,KY,Kentucky,South,East South Central
402,KY,Kentucky,South,East South Central
403,KY,Kentucky,South,East South Central
404,KY,Kentucky,South,East South Central
405,KY,Kentucky,South,East South Central
406,KY,Kentucky,South,East South Central
407,KY,Kentucky,South,East South Central
408,KY,Kentucky,South,East South Central
409,KY,Kentucky,South,East South Central
410,KY,Kentucky,South,East South Central
411,KY,Kentucky,South,East South Central
412,KY,Kentucky,South,East South Central
413,KY,Kentucky,South,East South Central
414,KY,Kentucky,South,East South Central
415,KY,Kentucky,South,East South Central
416,KY,Kentucky,South,East South Central
417,KY,Kentucky,South,East South Central
418,KY,Kentucky,South,East South Central
420,KY,Kentucky,South,East South Central
421,KY,Kentucky,South,East South Central
422,KY,Kentucky,South,East South Central
423,KY,Kentucky,South,East South Central
424,KY,Kentucky,South,East South Central
425,KY,Kentucky,South,East South Central
426,KY,Kentucky,South,East South Central
427,KY,Kentucky,South,East South Central
700,LA,Louisiana,South,West South Central
701,LA,Louisiana,South,West South Central
703,LA,Louisiana,South,West South Central
704,LA,Louisiana,South,West South Central
705,LA,Louisiana,South,West South Central
706,LA,Louisiana,South,West South Central
707,LA,Louisiana,South,West South Central
708,LA,Louisiana,South,West South Central
710,LA,Louisiana,South,West South Central
711,LA,Louisiana,South,West South Central
712,LA,Louisiana,South,West South Central
713,LA,Louisiana,South,West South Central
714,LA,Louisiana,South,West South Central
10,MA,Massachusetts,Northeast,New England
11,MA,Massachusetts,Northeast,New England
12,MA,Massachusetts,Northeast,New England
13,MA,Massachusetts,Northeast,New England
14,MA,Massachusetts,Northeast,New England
15,MA,Massachusetts,Northeast,New England
16,MA,Massachusetts,Northeast,New England
17,MA,Massachusetts,Northeast,New England
18,MA,Massachusetts,Northeast,New England
19,MA,Massachusetts,Northeast,New England
20,MA,Massachusetts,Northeast,New England
21,MA,Massachusetts,Northeast,New England
22,MA,Massachusetts,Northeast,New England
23,MA,Massachusetts,Northeast,New England
24,MA,Massachusetts,Northeast,New England
25,MA,Massachusetts,Northeast,New England
26,MA,Massachusetts,Northeast,New England
27,MA,Massachusetts,Northeast,New England
55,MA,Massachusetts,Northeast,New England
206,MD,Maryland,South,South Atlantic
207,MD,Maryland,South,South Atlantic
208,MD,Maryland,South,South Atlantic
209,MD,Maryland,South,South Atlantic
210,MD,Maryland,South,South Atlantic
211,MD,Maryland,South,South Atlantic
212,MD,Maryland,South,South Atlantic
214,MD,Maryland,South,South Atlantic
215,MD,Maryland,South,South Atlantic
216,MD,Maryland,South,South Atlantic
217,MD,Maryland,South,South Atlantic
218,MD,Maryland,South,South Atlantic
219,MD,Maryland,South,South Atlantic
39,ME,Maine,Northeast,New England
40,ME,Maine,Northeast,New England
41,ME,Maine,Northeast,New England
42,ME,Maine,Northeast,New England
43,ME,Maine,Northeast,New England
44,ME,Maine,Northeast,New England
45,ME,Maine,Northeast,New England
46,ME,Maine,Northeast,New England
47,ME,Maine,Northeast,New England
48,ME,Maine,Northeast,New England
49,ME,Maine,Northeast,New England
480,MI,Michigan,Midwest,East North Central
481,MI,Michigan,Midwest,East North Central
482,MI,Michigan,Midwest,East North Central
483,MI,Michigan,Midwest,East North Central
484,MI,Michigan,Midwest,East North Central
485,MI,Michigan,Midwest,East North Central
486,MI,Michigan,Midwest,East North Central
487,MI,Michigan,Midwest,East North Central
488,MI,Michigan,Midwest,East North Central
489,MI,Michigan,Midwest,East North Central
490,MI,Michigan,Midwest,East North Central
491,MI,Michigan,Midwest,East North Central
492,MI,Michigan,Midwest,East North Central
493,MI,Michigan,Midwest,East North Central
494,MI,Michigan,Midwest,East North Central
495,MI,Michigan,Midwest,East North Central
496,MI,Michigan,Midwest,East North Central
497,MI,Michigan,Midwest,East North Central
498,MI,Michigan,Midwest,East North Central
499,MI,Michigan,Midwest,East North Central
550,MN,Minnesota,Midwest,West North Central
551,MN,Minnesota,Midwest,West North Central
553,MN,Minnesota,Midwest,West North Central
554,MN,Minnesota,Midwest,West North Central
555,MN,Minnesota,Midwest,West North Central
556,MN,Minnesota,Midwest,West North Central
557,MN,Minnesota,Midwest,West North Central
558,MN,Minnesota,Midwest,West North Central
559,MN,Minnesota,Midwest,West North Central
560,MN,Minnesota,Midwest,West North Central
561,MN,Minnesota,Midwest,West North Central
562,MN,Minnesota,Midwest,West North Central
563,MN,Minnesota,Midwest,West North Central
564,MN,Minnesota,Midwest,West North Central
565,MN,Minnesota,Midwest,West North Central
566,MN,Minnesota,Midwest,West North Central
567,MN,Minnesota,Midwest,West North Central
630,MO,Missouri,Midwest,West North Central
631,MO,Missouri,Midwest,West North Central
633,MO,Missouri,Midwest,West North Central
634,MO,Missouri,Midwest,West North Central
635,MO,Missouri,Midwest,West North Central
636,MO,Missouri,Midwest,West North Central
637,MO,Missouri,Midwest,West North Central
638,MO,Missouri,Midwest,West North Central
639,MO,Missouri,Midwest,West North Central
640,MO,Missouri,Midwest,West North Central
641,MO,Missouri,Midwest,West North Central
644,MO,Missouri,Midwest,West North Central
645,MO,Missouri,Midwest,West North Central
646,MO,Missouri,Midwest,West North Central
647,MO,Missouri,Midwest,West North Central
648,MO,Missouri,Midwest,West North Central
649,MO,Missouri,Midwest,West North Central
650,MO,Missouri,Midwest,West North Central
651,MO,Missouri,Midwest,West North Central
652,MO,Missouri,Midwest,West North Central
653,MO,Missouri,Midwest,West North Central
654,MO,Missouri,Midwest,West North Central
655,MO,Missouri,Midwest,West North Central
656,MO,Missouri,Midwest,West North Central
657,MO,Missouri,Midwest,West North Central
658,MO,Missouri,Midwest,West North Central
386,MS,Mississippi,South,East South Central
387,MS,Mississippi,South,East South Central
388,MS,Mississippi,South,East South Central
389,MS,Mississippi,South,East South Central
390,MS,Mississippi,South,East South Central
391,MS,Mississippi,South,East South Central
392,MS,Mississippi,South,East South Central
393,MS,Mississippi,South,East South Central
394,MS,Mississippi,South,East South Central
395,MS,Mississippi,South,East South Central
396,MS,Mississippi,South,East South Central
397,MS,Mississippi,South,East South Central
590,MT,Montana,West,Mountain
591,MT,Montana,West,Mountain
592,MT,Montana,West,Mountain
593,MT,Montana,West,Mountain
594,MT,Montana,West,Mountain
595,MT,Montana,West,Mountain
596,MT,Montana,West,Mountain
597,MT,Montana,West,Mountain
598,MT,Montana,West,Mountain
599,MT,Montana,West,Mountain
270,NC,North Carolina,South,South Atlantic
271,NC,North Carolina,South,South Atlantic
272,NC,North Carolina,South,South Atlantic
273,NC,North Carolina,South,South Atlantic
274,NC,North Carolina,South,South Atlantic
275,NC,North Carolina,South,South Atlantic
276,NC,North Carolina,South,South Atlantic
277,NC,North Carolina,South,South Atlantic
278,NC,North Carolina,South,South Atlantic
279,NC,North Carolina,South,South Atlantic
280,NC,North Carolina,South,South Atlantic
281,NC,North Carolina,South,South Atlantic
282,NC,North Carolina,South,South Atlantic
283,NC,North Carolina,South,South Atlantic
284,NC,North Carolina,South,South Atlantic
285,NC,North Carolina,South,South Atlantic
286,NC,North Carolina,South,South Atlantic
287,NC,North Carolina,South,South Atlantic
288,NC,North Carolina,South,South Atlantic
289,NC,North Carolina,South,South Atlantic
580,ND,North Dakota,Midwest,West North Central
581,ND,North Dakota,Midwest,West North Central
582,ND,North Dakota,Midwest,West North Central
583,ND,North Dakota,Midwest,West North Central
584,ND,North Dakota,Midwest,West North Central
585,ND,North Dakota,Midwest,West North Central
586,ND,North Dakota,Midwest,West North Central
587,ND,North Dakota,Midwest,West North Central
588,ND,North Dakota,Midwest,West North Central
680,NE,Nebraska,Midwest,West North Central
681,NE,Nebraska,Midwest,West North Central
683,NE,Nebraska,Midwest,West North Central
684,NE,Nebraska,Midwest,West North Central
685,NE,Nebraska,Midwest,West North Central
686,NE,Nebraska,Midwest,West North Central
687,NE,Nebraska,Midwest,West North Central
688,NE,Nebraska,Midwest,West North Central
689,NE,Nebraska,Midwest,West North Central
690,NE,Nebraska,Midwest,West North Central
691,NE,Nebraska,Midwest,West North Central
692,NE,Nebraska,Midwest,West North Central
693,NE,Nebraska,Midwest,West North Central
30,NH,New Hampshire,Northeast,New England
31,NH,New Hampshire,Northeast,New England
32,NH,New Hampshire,Northeast,New England
33,NH,New Hampshire,Northeast,New England
34,NH,New Hampshire,Northeast,New England
35,NH,New Hampshire,Northeast,New England
36,NH,New Hampshire,Northeast,New England
37,NH,New Hampshire,Northeast,New England
38,NH,New Hampshire,Northeast,New England
70,NJ,New Jersey,Northeast,Middle Atlantic
71,NJ,New Jersey,Northeast,Middle Atlantic
72,NJ,New Jersey,Northeast,Middle Atlantic
73,NJ,New Jersey,Northeast,Middle Atlantic
74,NJ,New Jersey,Northeast,Middle Atlantic
75,NJ,New Jersey,Northeast,Middle Atlantic
76,NJ,New Jersey,Northeast,Middle Atlantic
77,NJ,New Jersey,Northeast,Middle Atlantic
78,NJ,New Jersey,Northeast,Middle Atlantic
79,NJ,New Jersey,Northeast,Middle Atlantic
80,NJ,New Jersey,Northeast,Middle Atlantic
81,NJ,New Jersey,Northeast,Middle Atlantic
82,NJ,New Jersey,Northeast,Middle Atlantic
83,NJ,New Jersey,Northeast,Middle Atlantic
84,NJ,New Jersey,Northeast,Middle Atlantic
85,NJ,New Jersey,Northeast,Middle Atlantic
86,NJ,New Jersey,Northeast,Middle Atlantic
87,NJ,New Jersey,Northeast,Middle Atlantic
88,NJ,New Jersey,Northeast,Middle Atlantic
89,NJ,New Jersey,Northeast,Middle Atlantic
870,NM,New Mexico,West,Mountain
871,NM,New Mexico,West,Mountain
873,NM,New Mexico,West,Mountain
874,NM,New Mexico,West,Mountain
875,NM,New Mexico,West,Mountain
877,NM,New Mexico,West,Mountain
878,NM,New Mexico,West,Mountain
879,NM,New Mexico,West,Mountain
880,NM,New Mexico,West,Mountain
881,NM,New Mexico,West,Mountain
882,NM,New Mexico,West,Mountain
883,NM,New Mexico,West,Mountain
884,NM,New Mexico,West,Mountain
889,NV,Nevada,West,Mountain
890,NV,Nevada,West,Mountain
891,NV,Nevada,West,Mountain
893,NV,Nevada,West,Mountain
894,NV,Nevada,West,Mountain
895,NV,Nevada,West,Mountain
897,NV,Nevada,West,Mountain
898,NV,Nevada,West,Mountain
5,NY,New York,Northeast,Middle Atlantic
100,NY,New York,Northeast,Middle Atlantic
101,NY,New York,Northeast,Middle Atlantic
102,NY,New York,Northeast,Middle Atlantic
103,NY,New York,Northeast,Middle Atlantic
104,NY,New York,Northeast,Middle Atlantic
105,NY,New York,Northeast,Middle Atlantic
106,NY,New York,Northeast,Middle Atlantic
107,NY,New York,Northeast,Middle Atlantic
108,NY,New York,Northeast,Middle Atlantic
109,NY,New York,Northeast,Middle Atlantic
110,NY,New York,Northeast,Middle Atlantic
111,NY,New York,Northeast,Middle Atlantic
112,NY,New York,Northeast,Middle Atlantic
113,NY,New York,Northeast,Middle Atlantic
114,NY,New York,Northeast,Middle Atlantic
115,NY,New York,Northeast,Middle Atlantic
116,NY,New York,Northeast,Middle Atlantic
117,NY,New York,Northeast,Middle Atlantic
118,NY,New York,Northeast,Middle Atlantic
119,NY,New York,Northeast,Middle Atlantic
120,NY,New York,Northeast,Middle Atlantic
121,NY,New York,Northeast,Middle Atlantic
122,NY,New York,Northeast,Middle Atlantic
123,NY,New York,Northeast,Middle Atlantic
124,NY,New York,Northeast,Middle Atlantic
125,NY,New York,Northeast,Middle Atlantic
126,NY,New York,Northeast,Middle Atlantic
127,NY,New York,Northeast,Middle Atlantic
128,NY,New York,Northeast,Middle Atlantic
129,NY,New York,Northeast,Middle Atlantic
130,NY,New York,Northeast,Middle Atlantic
131,NY,New York,Northeast,Middle Atlantic
132,NY,New York,Northeast,Middle Atlantic
133,NY,New York,Northeast,Middle Atlantic
134,NY,New York,Northeast,Middle Atlantic
135,NY,New York,Northeast,Middle Atlantic
136,NY,New York,Northeast,Middle Atlantic
137,NY,New York,Northeast,Middle Atlantic
138,NY,New York,Northeast,Middle Atlantic
139,NY,New York,Northeast,Middle Atlantic
140,NY,New York,Northeast,Middle Atlantic
141,NY,New York,Northeast,Middle Atlantic
142,NY,New York,Northeast,Middle Atlantic
143,NY,New York,Northeast,Middle Atlantic
144,NY,New York,Northeast,Middle Atlantic
145,NY,New York,Northeast,Middle Atlantic
146,NY,New York,Northeast,Middle Atlantic
147,NY,New York,Northeast,Middle Atlantic
148,NY,New York,Northeast,Middle Atlantic
149,NY,New York,Northeast,Middle Atlantic
430,OH,Ohio,Midwest,East North Central
431,OH,Ohio,Midwest,East North Central
432,OH,Ohio,Midwest,East North Central
433,OH,Ohio,Midwest,East North Central
434,OH,Ohio,Midwest,East North Central
435,OH,Ohio,Midwest,East North Central
436,OH,Ohio,Midwest,East North Central
437,OH,Ohio,Midwest,East North Central
438,OH,Ohio,Midwest,East North Central
439,OH,Ohio,Midwest,East North Central
440,OH,Ohio,Midwest,East North Central
441,OH,Ohio,Midwest,East North Central
442,OH,Ohio,Midwest,East North Central
443,OH,Ohio,Midwest,East North Central
444,OH,Ohio,Midwest,East North Central
445,OH,Ohio,Midwest,East North Central
446,OH,Ohio,Midwest,East North Central
447,OH,Ohio,Midwest,East North Central
448,OH,Ohio,Midwest,East North Central
449,OH,Ohio,Midwest,East North Central
450,OH,Ohio,Midwest,East North Central
451,OH,Ohio,Midwest,East North Central
452,OH,Ohio,Midwest,East North Central
453,OH,Ohio,Midwest,East North Central
454,OH,Ohio,Midwest,East North Central
455,OH,Ohio,Midwest,East North Central
456,OH,Ohio,Midwest,East North Central
457,OH,Ohio,Midwest,East North Central
458,OH,Ohio,Midwest,East North Central
459,OH,Ohio,Midwest,East North Central
730,OK,Oklahoma,South,West South Central
731,OK,Oklahoma,South,West South Central
734,OK,Oklahoma,South,West South Central
735,OK,Oklahoma,South,West South Central
736,OK,Oklahoma,South,West South Central
737,OK,Oklahoma,South,West South Central
738,OK,Oklahoma,South,West South Central
739,OK,Oklahoma,South,West South Central
740,OK,Oklahoma,South,West South Central
741,OK,Oklahoma,South,West South Central
743,OK,Oklahoma,South,West South Central
744,OK,Oklahoma,South,West South Central
745,OK,Oklahoma,South,West South Central
746,OK,Oklahoma,South,West South Central
747,OK,Oklahoma,South,West South Central
748,OK,Oklahoma,South,West South Central
749,OK,Oklahoma,South,West South Central
970,OR,Oregon,West,Pacific
971,OR,Oregon,West,Pacific
972,OR,Oregon,West,Pacific
973,OR,Oregon,West,Pacific
974,OR,Oregon,West,Pacific
975,OR,Oregon,West,Pacific
976,OR,Oregon,West,Pacific
977,OR,Oregon,West,Pacific
978,OR,Oregon,West,Pacific
979,OR,Oregon,West,Pacific
150,PA,Pennsylvania,Northeast,Middle Atlantic
151,PA,Pennsylvania,Northeast,Middle Atlantic
152,PA,Pennsylvania,Northeast,Middle Atlantic
153,PA,Pennsylvania,Northeast,Middle Atlantic
154,PA,Pennsylvania,Northeast,Middle Atlantic
155,PA,Pennsylvania,Northeast,Middle Atlantic
156,PA,Pennsylvania,Northeast,Middle Atlantic
157,PA,Pennsylvania,Northeast,Middle Atlantic
158,PA,Pennsylvania,Northeast,Middle Atlantic
159,PA,Pennsylvania,Northeast,Middle Atlantic
160,PA,Pennsylvania,Northeast,Middle Atlantic
161,PA,Pennsylvania,Northeast,Middle Atlantic
162,PA,Pennsylvania,Northeast,Middle Atlantic
163,PA,Pennsylvania,Northeast,Middle Atlantic
164,PA,Pennsylvania,Northeast,Middle Atlantic
165,PA,Pennsylvania,Northeast,Middle Atlantic
166,PA,Pennsylvania,Northeast,Middle Atlantic
167,PA,Pennsylvania,Northeast,Middle Atlantic
168,PA,Pennsylvania,Northeast,Middle Atlantic
169,PA,Pennsylvania,Northeast,Middle Atlantic
170,PA,Pennsylvania,Northeast,Middle Atlantic
171,PA,Pennsylvania,Northeast,Middle Atlantic
172,PA,Pennsylvania,Northeast,Middle Atlantic
173,PA,Pennsylvania,Northeast,Middle Atlantic
174,PA,Pennsylvania,Northeast,Middle Atlantic
175,PA,Pennsylvania,Northeast,Middle Atlantic
176,PA,Pennsylvania,Northeast,Middle Atlantic
177,PA,Pennsylvania,Northeast,Middle Atlantic
178,PA,Pennsylvania,Northeast,Middle Atlantic
179,PA,Pennsylvania,Northeast,Middle Atlantic
180,PA,Pennsylvania,Northeast,Middle Atlantic
181,PA,Pennsylvania,Northeast,Middle Atlantic
182,PA,Pennsylvania,Northeast,Middle Atlantic
183,PA,Pennsylvania,Northeast,Middle Atlantic
184,PA,Pennsylvania,Northeast,Middle Atlantic
185,PA,Pennsylvania,Northeast,Middle Atlantic
186,PA,Pennsylvania,Northeast,Middle Atlantic
187,PA,Pennsylvania,Northeast,Middle Atlantic
188,PA,Pennsylvania,Northeast,Middle Atlantic
189,PA,Pennsylvania,Northeast,Middle Atlantic
190,PA,Pennsylvania,Northeast,Middle Atlantic
191,PA,Pennsylvania,Northeast,Middle Atlantic
192,PA,Pennsylvania,Northeast,Middle Atlantic
193,PA,Pennsylvania,Northeast,Middle Atlantic
194,PA,Pennsylvania,Northeast,Middle Atlantic
195,PA,Pennsylvania,Northeast,Middle Atlantic
196,PA,Pennsylvania,Northeast,Middle Atlantic
6,PR,Puerto Rico,,
7,PR,Puerto Rico,,
9,PR,Puerto Rico,,
28,RI,Rhode Island,Northeast,New England
29,RI,Rhode Island,Northeast,New England
290,SC,South Carolina,South,South Atlantic
291,SC,South Carolina,South,South Atlantic
292,SC,South Carolina,South,South Atlantic
293,SC,South Carolina,South,South Atlantic
294,SC,South Carolina,South,South Atlantic
295,SC,South Carolina,South,South Atlantic
296,SC,South Carolina,South,South Atlantic
297,SC,South Carolina,South,South Atlantic
298,SC,South Carolina,South,South Atlantic
299,SC,South Carolina,South,South Atlantic
570,SD,South Dakota,Midwest,West North Central
571,SD,South Dakota,Midwest,West North Central
572,SD,South Dakota,Midwest,West North Central
573,SD,South Dakota,Midwest,West North Central
574,SD,South Dakota,Midwest,West North Central
575,SD,South Dakota,Midwest,West North Central
576,SD,South Dakota,Midwest,West North Central
577,SD,South Dakota,Midwest,West North Central
370,TN,Tennessee,South,East South Central
371,TN,Tennessee,South,East South Central
372,TN,Tennessee,South,East South Central
373,TN,Tennessee,South,East South Central
374,TN,Tennessee,South,East South Central
375,TN,Tennessee,South,East South Central
376,TN,Tennessee,South,East South Central
377,TN,Tennessee,South,East South Central
378,TN,Tennessee,South,East South Central
379,TN,Tennessee,South,East South Central
380,TN,Tennessee,South,East South Central
381,TN,Tennessee,South,East South Central
382,TN,Tennessee,South,East South Central
383,TN,Tennessee,South,East South Central
384,TN,Tennessee,South,East South Central
385,TN,Tennessee,South,East South Central
733,TX,Texas,South,West South Central
750,TX,Texas,South,West South Central
751,TX,Texas,South,West South Central
752,TX,Texas,South,West South Central
753,TX,Texas,South,West South Central
754,TX,Texas,South,West South Central
755,TX,Texas,South,West South Central
756,TX,Texas,South,West South Central
757,TX,Texas,South,West South Central
758,TX,Texas,South,West South Central
759,TX,Texas,South,West South Central
760,TX,Texas,South,West South Central
761,TX,Texas,South,West South Central
762,TX,Texas,South,West South Central
763,TX,Texas,South,West South Central
764,TX,Texas,South,West South Central
765,TX,Texas,South,West South Central
766,TX,Texas,South,West South Central
767,TX,Texas,South,West South Central
768,TX,Texas,South,West South Central
769,TX,Texas,South,West South Central
770,TX,Texas,South,West South Central
772,TX,Texas,South,West South Central
773,TX,Texas,South,West South Central
774,TX,Texas,South,West South Central
775,TX,Texas,South,West South Central
776,TX,Texas,South,West South Central
777,TX,Texas,South,West South Central
778,TX,Texas,South,West South Central
779,TX,Texas,South,West South Central
780,TX,Texas,South,West South Central
781,TX,Texas,South,West South Central
782,TX,Texas,South,West South Central
783,TX,Texas,South,West South Central
784,TX,Texas,South,West South Central
785,TX,Texas,South,West South Central
786,TX,Texas,South,West South Central
787,TX,Texas,South,West South Central
788,TX,Texas,South,West South Central
789,TX,Texas,South,West South Central
790,TX,Texas,South,West South Central
791,TX,Texas,South,West South Central
792,TX,Texas,South,West South Central
793,TX,Texas,South,West South Central
794,TX,Texas,South,West South Central
795,TX,Texas,South,West South Central
796,TX,Texas,South,West South Central
797,TX,Texas,South,West South Central
798,TX,Texas,South,West South Central
799,TX,Texas,South,West South Central
885,TX,Texas,South,West South Central
90,USAF,United States Armed Forces,,
91,USAF,United States Armed Forces,,
92,USAF,United States Armed Forces,,
93,USAF,United States Armed Forces,,
94,USAF,United States Armed Forces,,
95,USAF,United States Armed Forces,,
96,USAF,United States Armed Forces,,
97,USAF,United States Armed Forces,,
98,USAF,United States Armed Forces,,
99,USAF,United States Armed Forces,,
340,USAF,United States Armed Forces,,
962,USAF,United States Armed Forces,,
963,USAF,United States Armed Forces,,
964,USAF,United States Armed Forces,,
965,USAF,United States Armed Forces,,
966,USAF,United States Armed Forces,,
840,UT,Utah,West,Mountain
841,UT,Utah,West,Mountain
842,UT,Utah,West,Mountain
843,UT,Utah,West,Mountain
844,UT,Utah,West,Mountain
845,UT,Utah,West,Mountain
846,UT,Utah,West,Mountain
847,UT,Utah,West,Mountain
201,VA,Virginia,South,South Atlantic
220,VA,Virginia,South,South Atlantic
221,VA,Virginia,South,South Atlantic
222,VA,Virginia,South,South Atlantic
223,VA,Virginia,South,South Atlantic
224,VA,Virginia,South,South Atlantic
225,VA,Virginia,South,South Atlantic
226,VA,Virginia,South,South Atlantic
227,VA,Virginia,South,South Atlantic
228,VA,Virginia,South,South Atlantic
229,VA,Virginia,South,South Atlantic
230,VA,Virginia,South,South Atlantic
231,VA,Virginia,South,South Atlantic
232,VA,Virginia,South,South Atlantic
233,VA,Virginia,South,South Atlantic
234,VA,Virginia,South,South Atlantic
235,VA,Virginia,South,South Atlantic
236,VA,Virginia,South,South Atlantic
237,VA,Virginia,South,South Atlantic
238,VA,Virginia,South,South Atlantic
239,VA,Virginia,South,South Atlantic
240,VA,Virginia,South,South Atlantic
241,VA,Virginia,South,South Atlantic
242,VA,Virginia,South,South Atlantic
243,VA,Virginia,South,South Atlantic
244,VA,Virginia,South,South Atlantic
245,VA,Virginia,South,South Atlantic
246,VA,Virginia,South,South Atlantic
8,VI,Virgin Islands,,
50,VT,Vermont,Northeast,New England
51,VT,Vermont,Northeast,New England
52,VT,Vermont,Northeast,New England
53,VT,Vermont,Northeast,New England
54,VT,Vermont,Northeast,New England
56,VT,Vermont,Northeast,New England
57,VT,Vermont,Northeast,New England
58,VT,Vermont,Northeast,New England
59,VT,Vermont,Northeast,New England
980,WA,Washington,West,Pacific
981,WA,Washington,West,Pacific
982,WA,Washington,West,Pacific
983,WA,Washington,West,Pacific
984,WA,Washington,West,Pacific
985,WA,Washington,West,Pacific
986,WA,Washington,West,Pacific
988,WA,Washington,West,Pacific
989,WA,Washington,West,Pacific
990,WA,Washington,West,Pacific
991,WA,Washington,West,Pacific
992,WA,Washington,West,Pacific
993,WA,Washington,West,Pacific
994,WA,Washington,West,Pacific
530,WI,Wisconsin,Midwest,East North Central
531,WI,Wisconsin,Midwest,East North Central
532,WI,Wisconsin,Midwest,East North Central
534,WI,Wisconsin,Midwest,East North Central
535,WI,Wisconsin,Midwest,East North Central
537,WI,Wisconsin,Midwest,East North Central
538,WI,Wisconsin,Midwest,East North Central
539,WI,Wisconsin,Midwest,East North Central
540,WI,Wisconsin,Midwest,East North Central
541,WI,Wisconsin,Midwest,East North Central
542,WI,Wisconsin,Midwest,East North Central
543,WI,Wisconsin,Midwest,East North Central
544,WI,Wisconsin,Midwest,East North Central
545,WI,Wisconsin,Midwest,East North Central
546,WI,Wisconsin,Midwest,East North Central
547,WI,Wisconsin,Midwest,East North Central
548,WI,Wisconsin,Midwest,East North Central
549,WI,Wisconsin,Midwest,East North Central
247,WV,West Virginia,South,South Atlantic
248,WV,West Virginia,South,South Atlantic
249,WV,West Virginia,South,South Atlantic
250,WV,West Virginia,South,South Atlantic
251,WV,West Virginia,South,South Atlantic
252,WV,West Virginia,South,South Atlantic
253,WV,West Virginia,South,South Atlantic
254,WV,West Virginia,South,South Atlantic
255,WV,West Virginia,South,South Atlantic
256,WV,West Virginia,South,South Atlantic
257,WV,West Virginia,South,South Atlantic
258,WV,West Virginia,South,South Atlantic
259,WV,West Virginia,South,South Atlantic
260,WV,West Virginia,South,South Atlantic
261,WV,West Virginia,South,South Atlantic
262,WV,West Virginia,South,South Atlantic
263,WV,West Virginia,South,South Atlantic
264,WV,West Virginia,South,South Atlantic
265,WV,West Virginia,South,South Atlantic
266,WV,West Virginia,South,South Atlantic
267,WV,West Virginia,South,South Atlantic
268,WV,West Virginia,South,South Atlantic
820,WY,Wyoming,West,Mountain
821,WY,Wyoming,West,Mountain
822,WY,Wyoming,West,Mountain
823,WY,Wyoming,West,Mountain
824,WY,Wyoming,West,Mountain
825,WY,Wyoming,West,Mountain
826,WY,Wyoming,West,Mountain
827,WY,Wyoming,West,Mountain
828,WY,Wyoming,West,Mountain
829,WY,Wyoming,West,Mountain
830,WY,Wyoming,West,Mountain
831,WY,Wyoming,West,Mountain
0,,Placeholders,,
1,,Destinations outside U.S.,,
2,,Destinations outside U.S.,,
3,,Not in use,,
4,,Destinations outside U.S.,,
213,,Not in use,,
269,,Not in use,,
343,,Not in use,,
345,,Not in use,,
348,,Not in use,,
353,,Not in use,,
419,,Not in use,,
428,,Not in use,,
429,,Not in use,,
517,,Not in use,,
518,,Not in use,,
519,,Not in use,,
529,,Not in use,,
533,,Not in use,,
536,,Not in use,,
552,,Not in use,,
568,,Not in use,,
578,,Not in use,,
579,,Not in use,,
589,,Not in use,,
621,,Not in use,,
632,,Not in use,,
642,,Not in use,,
643,,Not in use,,
659,,Not in use,,
663,,Not in use,,
682,,Not in use,,
694,,Not in use,,
695,,Not in use,,
696,,Not in use,,
697,,Not in use,,
698,,Not in use,,
699,,Not in use,,
702,,Not in use,,
709,,Not in use,,
715,,Not in use,,
732,,Not in use,,
742,,Not in use,,
771,,Not in use,,
817,,Not in use,,
818,,Not in use,,
819,,Not in use,,
839,,Not in use,,
848,,Not in use,,
849,,Not in use,,
854,,Not in use,,
858,,Not in use,,
861,,Not in use,,
862,,Not in use,,
866,,Not in use,,
867,,Not in use,,
868,,Not in use,,
869,,Not in use,,
872,,Not in use,,
876,,Not in use,,
886,,Not in use,,
887,,Not in use,,
888,,Not in use,,
892,,Not in use,,
896,,Not in use,,
899,,Not in use,,
909,,Not in use,,
929,,Not in use,,
987,,Not in use,,
